LOCATION_TYPE;LOCATION_ID;POST_CODE;CITY;X_COORD;Y_COORD;QUANTITY;TRAIN_POSSIBLE;SERVICE_TIME [s]
DEPOT;D1;0;Baunatal;9.44249;51.25000;0;1;0
SWAP_LOCATION;S0;0;Schkopau;11.98714;51.39278;0;1;0
SWAP_LOCATION;S1;0;PENIG;12.69368;50.93191;0;1;0
SWAP_LOCATION;S10;0;Niederwürschnitz;12.76246;50.72486;0;1;0
SWAP_LOCATION;S100;0;Olbernhau;13.35072;50.65321;0;1;0
SWAP_LOCATION;S101;0;LEIPZIG;12.38583;51.29625;0;1;0
SWAP_LOCATION;S11;0;Oelsnitz;12.18104;50.42989;0;1;0
SWAP_LOCATION;S12;0;Hermsdorf;11.84631;50.89485;0;1;0
SWAP_LOCATION;S13;0;Leipzig;12.43238;51.36567;0;1;0
SWAP_LOCATION;S14;0;Werdau OT Leubnitz;12.36599;50.72232;0;1;0
SWAP_LOCATION;S15;0;Arnstadt;10.94866;50.85378;0;1;0
SWAP_LOCATION;S16;0;Wolfen;12.26342;51.65197;0;1;0
SWAP_LOCATION;S17;0;Bernburg;11.76200;51.79912;0;1;0
SWAP_LOCATION;S18;0;Böhlen;12.38003;51.19303;0;1;0
SWAP_LOCATION;S19;0;Eisfeld;10.90247;50.41750;0;1;0
SWAP_LOCATION;S2;0;Böhlen;12.35649;51.18861;0;1;0
SWAP_LOCATION;S20;0;Zella-Mehlis;10.66666;50.65026;0;1;0
SWAP_LOCATION;S21;0;Werther;10.74039;51.48036;0;1;0
SWAP_LOCATION;S22;0;Wittenberg;12.61000;51.87431;0;1;0
SWAP_LOCATION;S23;0;Wiersdorf;10.94969;52.80710;0;1;0
SWAP_LOCATION;S24;0;Gera;12.13115;50.88292;0;1;0
SWAP_LOCATION;S25;0;Oldisleben;11.17568;51.30881;0;1;0
SWAP_LOCATION;S26;0;Chemnitz;12.91999;50.85401;0;1;0
SWAP_LOCATION;S27;0;SCHNEEBERG;12.61957;50.57693;0;1;0
SWAP_LOCATION;S28;0;Gelenau;12.99560;50.71146;0;1;0
SWAP_LOCATION;S29;0;Jena;11.57007;50.91960;0;1;0
SWAP_LOCATION;S3;0;Wermsdorf;12.93942;51.28302;0;1;0
SWAP_LOCATION;S30;0;Naumburg;11.82254;51.15780;0;1;0
SWAP_LOCATION;S31;0;Zeitz-Tröglitz;12.19358;51.06884;0;1;0
SWAP_LOCATION;S32;0;Gardelegen;11.40269;52.54387;0;1;0
SWAP_LOCATION;S33;0;KAUFUNGEN(KASSEL);9.56293;51.29211;0;1;0
SWAP_LOCATION;S34;0;Pöhl-Ruppertsgrün;12.18068;50.57545;0;1;0
SWAP_LOCATION;S35;0;Rudolstadt;11.30709;50.71480;0;1;0
SWAP_LOCATION;S36;0;Dessau-Roßlau;12.22871;51.81807;0;1;0
SWAP_LOCATION;S37;0;Groß Schierstedt;11.52941;51.74888;0;1;0
SWAP_LOCATION;S38;0;Magdeburg;11.64619;52.15771;0;1;0
SWAP_LOCATION;S39;0;Erfurt;11.01098;50.99628;0;1;0
SWAP_LOCATION;S4;0;ZWICKAU;12.48020;50.78598;0;1;0
SWAP_LOCATION;S40;0;Walldorf/Werra;10.38229;50.62021;0;1;0
SWAP_LOCATION;S41;0;Leipzig;12.31168;51.30974;0;1;0
SWAP_LOCATION;S42;0;Weimar;11.32218;50.98265;0;1;0
SWAP_LOCATION;S43;0;Annaburg;13.03564;51.72313;0;1;0
SWAP_LOCATION;S44;0;Gröditz;13.45120;51.40589;0;1;0
SWAP_LOCATION;S45;0;Stendal;11.87228;52.58426;0;1;0
SWAP_LOCATION;S46;0;Grimma;12.71690;51.23628;0;1;0
SWAP_LOCATION;S47;0;Leipzig;12.38654;51.33149;0;1;0
SWAP_LOCATION;S48;0;Sollstedt;10.52626;51.42263;0;1;0
SWAP_LOCATION;S49;0;BUTTSTAEDT;11.41861;51.12639;0;1;0
SWAP_LOCATION;S5;0;Weißenborn / Erzgeb.;13.39772;50.87527;0;1;0
SWAP_LOCATION;S50;0;SCHOENHEIDE;12.51865;50.50671;0;1;0
SWAP_LOCATION;S51;0;Frankenberg;13.04659;50.90712;0;1;0
SWAP_LOCATION;S52;0;Meerane;12.46923;50.83991;0;1;0
SWAP_LOCATION;S53;0;BERENBROCK;11.30748;52.42001;0;1;0
SWAP_LOCATION;S54;0;Delitzsch;12.32247;51.51779;0;1;0
SWAP_LOCATION;S55;0;Staßfurt;11.56254;51.87876;0;1;0
SWAP_LOCATION;S56;0;Penig;12.70013;50.93799;0;1;0
SWAP_LOCATION;S57;0;Coburg;10.95194;50.28109;0;1;0
SWAP_LOCATION;S58;0;Auerbach;12.37497;50.51181;0;1;0
SWAP_LOCATION;S59;0;Bad Schmiedeberg OT Pretzsch;12.78704;51.71652;0;1;0
SWAP_LOCATION;S6;0;Gotha;10.73195;50.96639;0;1;0
SWAP_LOCATION;S60;0;Rechenberg - Bienenmühle;13.55750;50.73690;0;1;0
SWAP_LOCATION;S61;0;Leuna;12.01484;51.32261;0;1;0
SWAP_LOCATION;S62;0;Bebertal/Dönstedt;11.33784;52.25158;0;1;0
SWAP_LOCATION;S63;0;Lutherstadt Eisleben;11.58518;51.50966;0;1;0
SWAP_LOCATION;S64;0;Zerbst;12.09329;51.95314;0;1;0
SWAP_LOCATION;S65;0;Querfurt;11.62183;51.38640;0;1;0
SWAP_LOCATION;S66;0;Quedlinburg;11.17189;51.79106;0;1;0
SWAP_LOCATION;S67;0;Ilberstedt;11.65050;51.80554;0;1;0
SWAP_LOCATION;S68;0;SCHERMCKE;11.28731;52.06021;0;1;0
SWAP_LOCATION;S69;0;Suhl;10.70683;50.58091;0;1;0
SWAP_LOCATION;S7;0;Torgau;13.00552;51.57043;0;1;0
SWAP_LOCATION;S70;0;Ilmenau;10.94085;50.68393;0;1;0
SWAP_LOCATION;S71;0;Lobenstein;11.63647;50.46182;0;1;0
SWAP_LOCATION;S72;0;Wallstawe;10.95451;52.76084;0;1;0
SWAP_LOCATION;S73;0;Markneukirchen;12.34384;50.31031;0;1;0
SWAP_LOCATION;S74;0;Riesa;13.27773;51.31742;0;1;0
SWAP_LOCATION;S75;0;Halle;11.93578;51.47825;0;1;0
SWAP_LOCATION;S76;0;Gerwisch;11.73726;52.17875;0;1;0
SWAP_LOCATION;S77;0;Eilenburg;12.62186;51.45624;0;1;0
SWAP_LOCATION;S78;0;Schönewalde;13.21504;51.81670;0;1;0
SWAP_LOCATION;S79;0;Bad Liebenwerda;13.38317;51.51650;0;1;0
SWAP_LOCATION;S8;0;Vahldorf;11.49030;52.24974;0;1;0
SWAP_LOCATION;S80;0;Arendsee OT Mechau;11.34649;52.86532;0;1;0
SWAP_LOCATION;S81;0;TANGERMUENDE;11.97930;52.57321;0;1;0
SWAP_LOCATION;S82;0;Nordhausen;10.80083;51.47618;0;1;0
SWAP_LOCATION;S83;0;Hötensleben;11.02979;52.11370;0;1;0
SWAP_LOCATION;S84;0;Helmbrechts;11.70214;50.24787;0;1;0
SWAP_LOCATION;S85;0;Gommern;11.82392;52.07865;0;1;0
SWAP_LOCATION;S86;0;Leipzig;12.39223;51.32255;0;1;0
SWAP_LOCATION;S87;0;Osterburg;11.75126;52.80773;0;1;0
SWAP_LOCATION;S88;0;Schkopau;11.96485;51.39863;0;1;0
SWAP_LOCATION;S89;0;Herzberg-Gräfendorf;13.22241;51.66098;0;1;0
SWAP_LOCATION;S9;0;Aschersleben;11.45545;51.76340;0;1;0
SWAP_LOCATION;S90;0;Gornsdorf;12.88480;50.69882;0;1;0
SWAP_LOCATION;S91;0;Magdeburg  / Biere;11.65368;51.98072;0;1;0
SWAP_LOCATION;S92;0;Altmittweida;12.95984;50.96951;0;1;0
SWAP_LOCATION;S93;0;Mellrichstadt;10.30475;50.43769;0;1;0
SWAP_LOCATION;S94;0;Limbach-Oberfrohna;12.78763;50.85839;0;1;0
SWAP_LOCATION;S95;0;Scheibenberg;12.91016;50.54707;0;1;0
SWAP_LOCATION;S96;0;Sonneberg;11.19718;50.35003;0;1;0
SWAP_LOCATION;S97;0;Gräfenhainichen;12.44798;51.72572;0;1;0
SWAP_LOCATION;S98;0;Neukirchen;12.52815;51.09103;0;1;0
SWAP_LOCATION;S99;0;Rackwitz;12.37789;51.44330;0;1;0
CUSTOMER;C3;0;Lübben;13.87516;51.94027;960;0;4200
CUSTOMER;C175;0;Chemnitz;12.90017;50.82164;780;1;3360
CUSTOMER;C23;0;Freyburg;11.76173;51.22179;660;0;3360
CUSTOMER;C543;0;Halle;11.99481;51.43907;660;1;3000
CUSTOMER;C355;0;Markersbach;12.87124;50.52975;600;1;3000
CUSTOMER;C189;0;Elsteraue;12.20040;51.12890;580;1;2700
CUSTOMER;C11;0;Meuselwitz;12.28940;51.04752;540;0;2640
CUSTOMER;C18;0;Winkel;11.46288;51.40593;480;0;2640
CUSTOMER;C209;0;LOESSNITZ;12.74882;50.61952;480;1;2460
CUSTOMER;C37;0;Halle;11.99881;51.42502;480;0;2460
CUSTOMER;C377;0;Staßfurt;11.61958;51.83825;420;1;3000
CUSTOMER;C60;0;ZERBST;12.09283;51.95471;420;1;2400
CUSTOMER;C314;0;Querfurt;11.61120;51.37728;390;1;2340
CUSTOMER;C110;0;Markneukirchen / OT Siebenbrunn;12.30589;50.31028;360;1;2340
CUSTOMER;C122;0;Jena;11.60712;50.94574;360;1;2280
CUSTOMER;C178;0;Saalfeld;11.34655;50.65479;360;1;2280
CUSTOMER;C212;0;Leipzig;12.45217;51.40230;360;1;2280
CUSTOMER;C245;0;Jessen (Elster);13.10675;51.85655;360;1;2280
CUSTOMER;C301;0;Stadt Wanzleben/Börde OT Seehausen;11.45597;52.03490;360;1;2280
CUSTOMER;C458;0;Oschersleben;11.25633;52.02566;360;1;2280
CUSTOMER;C548;0;Blauenthal;12.62536;50.51446;360;1;2280
CUSTOMER;C78;0;Köthen;11.95201;51.75631;360;1;2220
CUSTOMER;C107;0;Gröditz;13.43806;51.40443;300;1;2220
CUSTOMER;C147;0;Jena;11.60264;50.93344;300;1;2160
CUSTOMER;C166;0;Torgau;12.97519;51.55406;300;1;2160
CUSTOMER;C180;0;Glauchau;12.56267;50.82588;300;1;2100
CUSTOMER;C22;0;Südharz;11.11919;51.46210;300;0;2100
CUSTOMER;C235;0;Aue;12.69829;50.58883;300;1;2100
CUSTOMER;C241;0;LEIPZIG;12.38814;51.30933;300;1;2040
CUSTOMER;C27;0;JENA;11.59541;50.86176;300;0;2040
CUSTOMER;C401;0;TORNITZ;11.84713;51.92779;300;1;2040
CUSTOMER;C515;0;Leuna;12.01279;51.28590;300;1;2040
CUSTOMER;C539;0;Merseburg;11.99183;51.34836;300;1;2040
CUSTOMER;C6;0;Petersberg;11.85264;50.96858;300;0;1980
CUSTOMER;C256;0;Dessau;12.23515;51.80496;270;1;1980
CUSTOMER;C201;0;Gröditz;13.43815;51.41231;245;1;1980
CUSTOMER;C340;0;ZSCHOPAU;13.06291;50.73880;245;1;1980
CUSTOMER;C82;0;Jessen;12.95429;51.79660;245;1;1980
CUSTOMER;C102;0;Querfurt;11.60337;51.38866;240;1;1980
CUSTOMER;C144;0;Bitterfeld;12.32145;51.61679;240;1;1920
CUSTOMER;C192;0;Leipzig;12.30017;51.35057;240;1;1920
CUSTOMER;C228;0;Bitterfeld;12.29214;51.61216;240;1;1920
CUSTOMER;C251;0;Merseburg;12.01370;51.35844;240;1;1920
CUSTOMER;C298;0;Jessen OT Linda;13.11023;51.85449;240;1;1920
CUSTOMER;C365;0;Arnstadt;10.94696;50.86062;240;1;1920
CUSTOMER;C388;0;Burgstädt;12.82718;50.94286;240;1;1920
CUSTOMER;C394;0;Schlettau;12.95938;50.56493;240;1;1920
CUSTOMER;C404;0;Eilenburg;12.66243;51.48297;240;1;1920
CUSTOMER;C454;0;Mylau / Vogtl.;12.25870;50.62224;240;1;1920
CUSTOMER;C509;0;Magdeburg;11.67777;52.19425;240;1;1920
CUSTOMER;C522;0;REICHENBACH;12.31226;50.61609;240;1;1920
CUSTOMER;C524;0;Burg;11.81830;52.26457;240;1;1920
CUSTOMER;C68;0;Wilkau-Haßlau;12.52400;50.66514;240;1;1920
CUSTOMER;C97;0;Nordhausen;10.77778;51.50156;240;1;1920
CUSTOMER;C67;0;Leipzig;12.30016;51.34990;220;1;1920
CUSTOMER;C13;0;Küps;11.27702;50.19874;195;0;1920
CUSTOMER;C218;0;Egeln;11.43097;51.94293;190;1;1920
CUSTOMER;C525;0;Freyburg;11.76083;51.22152;185;1;1920
CUSTOMER;C109;0;Steinbach-Hallenberg;10.55524;50.67780;180;1;1920
CUSTOMER;C113;0;GLAUCHAU;12.52695;50.83717;180;1;1920
CUSTOMER;C14;0;Wettin-Löbejün OT Merbitz;11.88335;51.60834;180;0;1920
CUSTOMER;C141;0;Suhl;10.70855;50.60267;180;1;1920
CUSTOMER;C145;0;Gotha;10.73018;50.96810;180;1;1920
CUSTOMER;C15;0;Kulmbach;11.41833;50.09372;180;0;1920
CUSTOMER;C150;0;Bitterfeld;12.29750;51.60756;180;1;1920
CUSTOMER;C169;0;Espenhain;12.48522;51.18701;180;1;1920
CUSTOMER;C179;0;Naumburg;11.82778;51.15321;180;1;1920
CUSTOMER;C199;0;Jena;11.56934;50.90849;180;1;1860
CUSTOMER;C202;0;oberlosa;12.17095;50.45643;180;1;1860
CUSTOMER;C206;0;Bitterfeld-Wolfen;12.23368;51.64510;180;1;1860
CUSTOMER;C215;0;Leuna;12.01756;51.30276;180;1;1860
CUSTOMER;C219;0;Hohenstein  Ernstthal Wuestenbrand;12.70183;50.79807;180;1;1860
CUSTOMER;C229;0;ROSSLEBEN;11.45320;51.30341;180;1;1860
CUSTOMER;C230;0;Rackwitz;12.38460;51.43988;180;1;1800
CUSTOMER;C238;0;Gotha;10.71969;50.96308;180;1;1800
CUSTOMER;C242;0;Arnstadt;10.94681;50.85846;180;1;1800
CUSTOMER;C277;0;Halberstadt;11.07457;51.88041;180;1;1800
CUSTOMER;C297;0;Zörbig OT Großzöberitz;12.18766;51.62275;180;1;1800
CUSTOMER;C309;0;Naunhof;12.59121;51.27770;180;1;1800
CUSTOMER;C316;0;zahna;12.80753;51.83251;180;1;1800
CUSTOMER;C35;0;;12.28814;52.26957;180;0;1800
CUSTOMER;C353;0;Coswig/Anhalt;12.37157;51.88674;180;1;1800
CUSTOMER;C361;0;Neukieritzsch-Lippendorf;12.37630;51.17100;180;1;1800
CUSTOMER;C375;0;Leuna;11.98997;51.32034;180;1;1740
CUSTOMER;C389;0;Böhlen;12.34836;51.19543;180;1;1740
CUSTOMER;C408;0;Neukirchen;12.86222;50.77224;180;1;1740
CUSTOMER;C417;0;CHEMNITZ;12.93688;50.79460;180;1;1740
CUSTOMER;C420;0;Barleben;11.59895;52.20385;180;1;1740
CUSTOMER;C430;0;Wettin-Löbejün OT Merbitz;11.88424;51.61168;180;1;1740
CUSTOMER;C443;0;Merseburg;11.98477;51.37759;180;1;1740
CUSTOMER;C448;0;Poehl;12.17449;50.55890;180;1;1740
CUSTOMER;C453;0;Bitterfeld-Wolfen;12.23084;51.64452;180;1;1740
CUSTOMER;C46;0;Tangerhütte;11.82295;52.43466;180;0;1740
CUSTOMER;C5;0;Crimmitschau;12.39812;50.83054;180;0;1740
CUSTOMER;C504;0;Bad Bibra;11.58660;51.21110;180;1;1740
CUSTOMER;C532;0;Stendal;11.84401;52.62784;180;1;1740
CUSTOMER;C55;0;Dessau-Roßlau;12.22267;51.82919;180;1;1740
CUSTOMER;C59;0;Wilkau-Hasslau;12.51937;50.68834;180;1;1740
CUSTOMER;C80;0;Callenberg OT Meinsdorf;12.73076;50.83489;180;1;1740
CUSTOMER;C90;0;Jena - Maua;11.60234;50.86455;180;1;1740
CUSTOMER;C416;0;Riesa;13.29414;51.30084;150;1;1740
CUSTOMER;C119;0;UNTERWELLENBORN;11.44961;50.65622;140;1;1740
CUSTOMER;C321;0;Jena;11.59892;50.88887;140;1;1740
CUSTOMER;C400;0;Wurzen;12.75248;51.37821;140;1;1680
CUSTOMER;C331;0;Kölleda;11.20560;51.19227;125;1;1680
CUSTOMER;C100;0;Jessen / Elster;12.95147;51.75511;120;1;1680
CUSTOMER;C114;0;Zerbst;12.12903;52.00264;120;1;1680
CUSTOMER;C117;0;Herzberg;13.20867;51.68470;120;1;1680
CUSTOMER;C12;0;Gera;12.09514;50.82650;120;0;1680
CUSTOMER;C124;0;ZWICKAU;12.45765;50.71338;120;1;1680
CUSTOMER;C126;0;Schkopau;11.96840;51.39709;120;1;1680
CUSTOMER;C127;0;Halle;12.00326;51.47868;120;1;1680
CUSTOMER;C129;0;Arnstadt;10.96465;50.84122;120;1;1680
CUSTOMER;C140;0;Torgau;13.00543;51.57032;120;1;1680
CUSTOMER;C146;0;Zwickau;12.43552;50.72216;120;1;1680
CUSTOMER;C149;0;SCHNEEBERG;12.63770;50.58277;120;1;1680
CUSTOMER;C152;0;Zwenkau;12.32957;51.21967;120;1;1680
CUSTOMER;C154;0;Nöbdenitz;12.28060;50.87950;120;1;1680
CUSTOMER;C16;0;Kalbe/Milde OT Brunau;11.48530;52.75140;120;0;1680
CUSTOMER;C162;0;Leipzig;12.48446;51.34302;120;1;1680
CUSTOMER;C167;0;Grünhain- Beierfeld;12.80430;50.58180;120;1;1680
CUSTOMER;C168;0;Roßlau;12.27989;51.90367;120;1;1680
CUSTOMER;C170;0;Schkopau;11.96576;51.39655;120;1;1680
CUSTOMER;C177;0;Weissenfels;11.95937;51.21105;120;1;1680
CUSTOMER;C183;0;Salzwedel;11.12605;52.85632;120;1;1620
CUSTOMER;C184;0;Wittenberg - Piesteritz;12.58199;51.88134;120;1;1620
CUSTOMER;C186;0;LEIPZIG;12.39277;51.38125;120;1;1620
CUSTOMER;C187;0;Plauen;12.12930;50.51049;120;1;1620
CUSTOMER;C194;0;HALLE;11.94067;51.49596;120;1;1620
CUSTOMER;C20;0;Markkleeberg;12.44010;51.27412;120;0;1620
CUSTOMER;C200;0;Stendal;11.84922;52.62613;120;1;1620
CUSTOMER;C204;0;Falkenstein   OT Ermsleben;11.33486;51.73291;120;1;1620
CUSTOMER;C207;0;Stollberg;12.78033;50.70909;120;1;1620
CUSTOMER;C213;0;Knauthain;12.31444;51.26623;120;1;1620
CUSTOMER;C217;0;Rodewisch;12.41062;50.52347;120;1;1620
CUSTOMER;C226;0;Zeithain;13.31396;51.34871;120;1;1620
CUSTOMER;C233;0;Espenhain;12.47328;51.18959;120;1;1620
CUSTOMER;C236;0;Langenwetzendorf;12.10063;50.65618;120;1;1620
CUSTOMER;C24;0;Brand-Erbisdorf;13.32803;50.86905;120;0;1620
CUSTOMER;C247;0;WILKAU-HAßLAU;12.51748;50.68592;120;1;1620
CUSTOMER;C250;0;Zwickau;12.49694;50.72258;120;1;1620
CUSTOMER;C255;0;Ilmenau;10.94143;50.69535;120;1;1620
CUSTOMER;C263;0;Zwickau;12.49964;50.68358;120;1;1620
CUSTOMER;C264;0;Burg;11.88542;52.25166;120;1;1620
CUSTOMER;C265;0;Teutschenthal;11.83015;51.45007;120;1;1620
CUSTOMER;C272;0;Bad Dürrenberg;12.11529;51.28606;120;1;1620
CUSTOMER;C274;0;Bad Liebenwerda;13.39151;51.51476;120;1;1620
CUSTOMER;C275;0;Haldensleben;11.43119;52.27719;120;1;1560
CUSTOMER;C276;0;Gardelegen;11.38160;52.52308;120;1;1560
CUSTOMER;C280;0;Gera;12.05239;50.86786;120;1;1560
CUSTOMER;C291;0;HALBERSTADT;11.05663;51.89880;120;1;1560
CUSTOMER;C295;0;Plauen;12.13417;50.48376;120;1;1560
CUSTOMER;C299;0;Harbke;11.03509;52.20547;120;1;1560
CUSTOMER;C302;0;Erfurt;11.04334;50.97491;120;1;1560
CUSTOMER;C308;0;ANNABERG-BUCHHOLZ;13.00851;50.59203;120;1;1560
CUSTOMER;C31;0;Breitenbrunn;12.70832;50.47618;120;0;1560
CUSTOMER;C311;0;Schöneck;12.33688;50.39673;120;1;1560
CUSTOMER;C313;0;Kabelsketal OT Dölbau;12.08361;51.47567;120;1;1560
CUSTOMER;C317;0;AUE;12.71432;50.59386;120;1;1560
CUSTOMER;C336;0;Querfurt;11.60144;51.38840;120;1;1560
CUSTOMER;C344;0;Brandis;12.62073;51.33396;120;1;1560
CUSTOMER;C345;0;HEIDERSDORF;13.41995;50.67035;120;1;1560
CUSTOMER;C348;0;Reichenbach;12.30841;50.61333;120;1;1560
CUSTOMER;C356;0;Petersberg;11.94289;51.53176;120;1;1560
CUSTOMER;C362;0;STUETZENGRUEN;12.52051;50.53570;120;1;1560
CUSTOMER;C366;0;Landsberg;12.16984;51.49101;120;1;1560
CUSTOMER;C369;0;Gotha;10.72546;50.96537;120;1;1560
CUSTOMER;C371;0;Pausa;11.99644;50.58860;120;1;1560
CUSTOMER;C372;0;Chemnitz;12.92174;50.85906;120;1;1560
CUSTOMER;C381;0;Jena;11.57196;50.90971;120;1;1560
CUSTOMER;C382;0;Lutherstadt Wittenberg;12.62740;51.86578;120;1;1560
CUSTOMER;C386;0;Ilmenau;10.94039;50.68326;120;1;1560
CUSTOMER;C390;0;Striegistal;13.17723;50.98781;120;1;1560
CUSTOMER;C395;0;Leipzig;12.37652;51.34948;120;1;1560
CUSTOMER;C397;0;Zella-Mehlis;10.67702;50.65130;120;1;1560
CUSTOMER;C399;0;Lichtenberg;13.43763;50.82256;120;1;1560
CUSTOMER;C4;0;Thalheim;12.23794;51.65503;120;0;1560
CUSTOMER;C402;0;SCHOENBERG;11.81909;52.88699;120;1;1560
CUSTOMER;C403;0;Leipzig;12.39084;51.32042;120;1;1560
CUSTOMER;C418;0;Wurzen;12.73306;51.35619;120;1;1560
CUSTOMER;C419;0;Grana;12.11219;51.05249;120;1;1560
CUSTOMER;C423;0;Weimar;11.33835;50.99486;120;1;1560
CUSTOMER;C43;0;Torgau;12.98444;51.56209;120;0;1560
CUSTOMER;C434;0;Weida;12.03880;50.77927;120;1;1560
CUSTOMER;C438;0;Espenhain;12.46991;51.19427;120;1;1560
CUSTOMER;C445;0;Zeithain;13.35456;51.33540;120;1;1560
CUSTOMER;C447;0;Bitterfeld;12.28889;51.61656;120;1;1560
CUSTOMER;C463;0;Halsbrücke;13.34852;50.95651;120;1;1560
CUSTOMER;C466;0;Queis;12.09578;51.48449;120;1;1560
CUSTOMER;C474;0;Magdeburg;11.61276;52.10156;120;1;1560
CUSTOMER;C477;0;Crimmitschau;12.40707;50.82558;120;1;1560
CUSTOMER;C485;0;Erfurt;11.04690;50.97820;120;1;1560
CUSTOMER;C49;0;Luisenthal;10.72436;50.78462;120;0;1560
CUSTOMER;C491;0;Niederwiesa;13.00713;50.88395;120;1;1560
CUSTOMER;C496;0;GARDELEGEN;11.39436;52.53886;120;1;1560
CUSTOMER;C502;0;CRIMMITSCHAU;12.39380;50.80754;120;1;1560
CUSTOMER;C512;0;Gornau;13.04968;50.76056;120;1;1560
CUSTOMER;C528;0;Erfurt;11.05647;50.98992;120;1;1560
CUSTOMER;C531;0;Nesse - Apfelstädt;10.92732;50.89670;120;1;1560
CUSTOMER;C533;0;Landsberg OT Queis;12.08950;51.47149;120;1;1560
CUSTOMER;C535;0;Helbra;11.49845;51.55476;120;1;1560
CUSTOMER;C536;0;Werdau;12.37772;50.72860;120;1;1560
CUSTOMER;C537;0;Naumburg;11.85218;51.17774;120;1;1560
CUSTOMER;C542;0;Delitzsch;12.35644;51.51942;120;1;1560
CUSTOMER;C57;0;Marienberg;13.17924;50.64759;120;1;1560
CUSTOMER;C62;0;Greiz;12.19767;50.66201;120;1;1560
CUSTOMER;C64;0;Hettstedt;11.49882;51.65857;120;1;1560
CUSTOMER;C66;0;Bad Liebenwerda;13.39566;51.51961;120;1;1560
CUSTOMER;C69;0;Pegau;12.24940;51.18047;120;1;1560
CUSTOMER;C74;0;Freiberg;13.33714;50.90612;120;1;1560
CUSTOMER;C76;0;Hettstedt;11.49192;51.66019;120;1;1560
CUSTOMER;C87;0;Grimma;12.71545;51.22858;120;1;1560
CUSTOMER;C89;0;Halle;11.98413;51.42909;120;1;1560
CUSTOMER;C92;0;Schkopau;11.97100;51.39607;120;1;1560
CUSTOMER;C96;0;Wurzen;12.75285;51.36397;120;1;1560
CUSTOMER;C211;0;Weimar;11.35065;50.95728;90;1;1560
CUSTOMER;C357;0;Leipzig;12.38547;51.33013;90;1;1560
CUSTOMER;C374;0;Leuna;12.01088;51.32733;90;1;1560
CUSTOMER;C427;0;Leipzig;12.43723;51.41114;90;1;1560
CUSTOMER;C75;0;Leipzig;12.29516;51.34331;90;1;1560
CUSTOMER;C414;0;SCHEIBENBERG;12.91651;50.54393;80;1;1560
CUSTOMER;C470;0;Halle;11.96439;51.50804;80;1;1560
CUSTOMER;C549;0;Theuma;12.22957;50.45619;80;1;1560
CUSTOMER;C138;0;Leipzig;12.49053;51.34197;70;1;1560
CUSTOMER;C185;0;Dessau-Roßlau;12.19849;51.83291;65;1;1560
CUSTOMER;C349;0;Oschatz;13.09746;51.30270;65;1;1560
CUSTOMER;C428;0;Bad Neustadt;10.21222;50.31992;65;1;1560
CUSTOMER;C439;0;Ronneburg;12.20318;50.86802;65;1;1560
CUSTOMER;C1;0;REINSBERG;13.35610;51.00935;60;0;1560
CUSTOMER;C101;0;Stützengrün;12.53103;50.53828;60;1;1560
CUSTOMER;C103;0;Nobitz-Wilchwitz;12.48277;50.99142;60;1;1560
CUSTOMER;C104;0;Pegau;12.24482;51.16814;60;1;1560
CUSTOMER;C105;0;Helbra;11.49888;51.55570;60;1;1560
CUSTOMER;C106;0;Hötensleben;11.02229;52.12001;60;1;1560
CUSTOMER;C108;0;Salzwedel;11.14520;52.85704;60;1;1560
CUSTOMER;C111;0;Leipzig;12.29339;51.40004;60;1;1560
CUSTOMER;C112;0;HAMMERUNTERWIESENTHAL;13.01360;50.44613;60;1;1560
CUSTOMER;C115;0;Zwickau;12.48250;50.79526;60;1;1560
CUSTOMER;C118;0;Freiberg;13.34906;50.92068;60;1;1560
CUSTOMER;C120;0;Leipzig;12.43749;51.41144;60;1;1560
CUSTOMER;C121;0;Taucha;12.49521;51.38042;60;1;1560
CUSTOMER;C130;0;Zielitz;11.67221;52.30322;60;1;1560
CUSTOMER;C132;0;Schkopau;11.98136;51.39129;60;1;1560
CUSTOMER;C133;0;Chemnitz;12.84819;50.81147;60;1;1560
CUSTOMER;C134;0;Werben;12.22455;51.19620;60;1;1560
CUSTOMER;C135;0;Halle;11.98383;51.44441;60;1;1560
CUSTOMER;C136;0;Gatersleben;11.28871;51.82789;60;1;1560
CUSTOMER;C137;0;Plauen;12.12215;50.51752;60;1;1560
CUSTOMER;C139;0;Leipzig;12.31191;51.29629;60;1;1560
CUSTOMER;C142;0;GERA;12.06882;50.89652;60;1;1560
CUSTOMER;C143;0;Halsbrücke;13.33944;50.95926;60;1;1560
CUSTOMER;C148;0;Jena-Maua;11.60244;50.86373;60;1;1560
CUSTOMER;C153;0;Hohenmölsen;12.09495;51.16020;60;1;1560
CUSTOMER;C155;0;Bleicherode;10.56742;51.44243;60;1;1560
CUSTOMER;C156;0;Leipzig;12.29877;51.33862;60;1;1560
CUSTOMER;C157;0;Zwickau;12.50356;50.71559;60;1;1560
CUSTOMER;C159;0;Chemnitz;12.91404;50.79510;60;1;1560
CUSTOMER;C160;0;Magdeburg;11.64005;52.13920;60;1;1560
CUSTOMER;C164;0;Irxleben;11.48811;52.16959;60;1;1560
CUSTOMER;C165;0;Magdeburg;11.62478;52.08024;60;1;1560
CUSTOMER;C17;0;Stollberg;12.76522;50.70957;60;0;1560
CUSTOMER;C171;0;Leipzig;12.46074;51.33955;60;1;1560
CUSTOMER;C174;0;Chemnitz;12.92888;50.82672;60;1;1560
CUSTOMER;C176;0;Zwickau;12.47451;50.72720;60;1;1560
CUSTOMER;C181;0;Erfurt;10.94339;50.97402;60;1;1560
CUSTOMER;C188;0;Halle;11.98374;51.47427;60;1;1560
CUSTOMER;C19;0;DOLLE;11.62235;52.40832;60;0;1560
CUSTOMER;C190;0;Bitterfeld;12.30981;51.63255;60;1;1560
CUSTOMER;C191;0;CHEMNITZ;12.88505;50.81473;60;1;1560
CUSTOMER;C193;0;Halle;11.93504;51.50088;60;1;1560
CUSTOMER;C195;0;Chemnitz;12.86900;50.83424;60;1;1560
CUSTOMER;C196;0;Steinbach-Hallenberg;10.57073;50.69981;60;1;1560
CUSTOMER;C197;0;Pegau;12.24904;51.17462;60;1;1560
CUSTOMER;C198;0;Zwickau;12.47558;50.72449;60;1;1560
CUSTOMER;C2;0;Schleiz;11.80488;50.54877;60;0;1560
CUSTOMER;C203;0;FREIBERG;13.35997;50.92695;60;1;1560
CUSTOMER;C205;0;LIPPENDORF;12.37164;51.17345;60;1;1560
CUSTOMER;C208;0;Leipzig;12.41623;51.32507;60;1;1560
CUSTOMER;C21;0;Weißensee;11.05565;51.18801;60;0;1560
CUSTOMER;C210;0;FREIBERG;13.35971;50.92771;60;1;1500
CUSTOMER;C214;0;DELITZSCH;12.34349;51.53188;60;1;1500
CUSTOMER;C216;0;Chemnitz;12.90673;50.86792;60;1;1500
CUSTOMER;C220;0;Leuna;11.99192;51.32912;60;1;1500
CUSTOMER;C221;0;Weißenfels;12.01277;51.26510;60;1;1500
CUSTOMER;C222;0;Zerbst;12.08710;51.95052;60;1;1500
CUSTOMER;C223;0;Hohe Börde OT Niederndodeleben;11.49987;52.14317;60;1;1500
CUSTOMER;C224;0;Jena;11.59680;50.88499;60;1;1500
CUSTOMER;C227;0;LEIPZIG;12.30377;51.30068;60;1;1500
CUSTOMER;C231;0;Siedenlangenbeck;11.07663;52.75069;60;1;1500
CUSTOMER;C232;0;Halle;11.95271;51.52161;60;1;1500
CUSTOMER;C234;0;Elsteraue;12.19517;51.07101;60;1;1500
CUSTOMER;C237;0;Mockrehna;12.81900;51.50892;60;1;1500
CUSTOMER;C240;0;Grünhain-Beierfeld;12.79548;50.56310;60;1;1500
CUSTOMER;C243;0;Niederwürschnitz;12.75510;50.71692;60;1;1500
CUSTOMER;C244;0;Bleicherode;10.59689;51.45291;60;1;1500
CUSTOMER;C246;0;Landsberg;12.17215;51.50103;60;1;1500
CUSTOMER;C248;0;Greiz;12.22750;50.64607;60;1;1500
CUSTOMER;C249;0;SCHINNE;11.73056;52.66056;60;1;1500
CUSTOMER;C25;0;Leipzig;12.38660;51.35684;60;0;1500
CUSTOMER;C252;0;KIRCHBERG;12.52086;50.62595;60;1;1500
CUSTOMER;C253;0;Falkenstein;12.34414;50.48761;60;1;1500
CUSTOMER;C254;0;Leipzig;12.29826;51.34597;60;1;1500
CUSTOMER;C257;0;Lugau;12.75631;50.74605;60;1;1500
CUSTOMER;C258;0;Burg;11.74096;52.24800;60;1;1500
CUSTOMER;C259;0;Erfurt;11.04329;50.99268;60;1;1500
CUSTOMER;C26;0;GREIZ;12.20676;50.66051;60;0;1500
CUSTOMER;C261;0;Falkenau;13.11906;50.85468;60;1;1500
CUSTOMER;C270;0;Wolkenstein OT Hilmersdorf;13.12214;50.68101;60;1;1500
CUSTOMER;C271;0;Walschleben;10.95505;51.06822;60;1;1500
CUSTOMER;C273;0;Zwickau;12.44738;50.72168;60;1;1500
CUSTOMER;C278;0;Barby;11.87797;51.98351;60;1;1500
CUSTOMER;C279;0;Espenhain;12.47842;51.19347;60;1;1500
CUSTOMER;C28;0;Lengefeld;13.18260;50.71532;60;0;1500
CUSTOMER;C281;0;Chemnitz;12.90471;50.80961;60;1;1440
CUSTOMER;C282;0;Wurzen;12.75473;51.36341;60;1;1440
CUSTOMER;C285;0;Buschkuhnsdorf;13.14566;51.81327;60;1;1440
CUSTOMER;C288;0;Beuna;11.95321;51.32201;60;1;1440
CUSTOMER;C289;0;Lutherstadt Wittenberg;12.57188;51.87385;60;1;1440
CUSTOMER;C29;0;Salzwedel;11.00597;52.86161;60;0;1440
CUSTOMER;C290;0;FROHNAU;12.99741;50.58272;60;1;1440
CUSTOMER;C292;0;Chemnitz;12.91775;50.81417;60;1;1440
CUSTOMER;C293;0;Oschersleben;11.24722;52.03163;60;1;1440
CUSTOMER;C294;0;Leipzig;12.29819;51.39361;60;1;1440
CUSTOMER;C296;0;Leipzig;12.38048;51.30310;60;1;1440
CUSTOMER;C30;0;Weißenstadt;11.88837;50.10146;60;0;1440
CUSTOMER;C300;0;Dessau-Roßlau;12.22424;51.83113;60;1;1440
CUSTOMER;C303;0;Lichtenstein;12.63030;50.77726;60;1;1440
CUSTOMER;C304;0;GERA-HERMSDORF;12.12605;50.95687;60;1;1440
CUSTOMER;C305;0;Magdeburg;11.68045;52.19575;60;1;1440
CUSTOMER;C306;0;Leipzig;12.45155;51.36558;60;1;1440
CUSTOMER;C307;0;HENNINGEN;10.96395;52.84271;60;1;1440
CUSTOMER;C315;0;ZWICKAU;12.47360;50.72855;60;1;1440
CUSTOMER;C318;0;Fraureuth;12.36329;50.71085;60;1;1440
CUSTOMER;C319;0;Bitterfeld-Wolfen;12.23678;51.64500;60;1;1440
CUSTOMER;C322;0;Lutherstadt Wittenberg;12.58640;51.86826;60;1;1440
CUSTOMER;C323;0;Weimar;11.33476;50.99241;60;1;1440
CUSTOMER;C324;0;Hohenstein-Ernstthal;12.66898;50.81165;60;1;1440
CUSTOMER;C325;0;RIESA;13.28836;51.31165;60;1;1440
CUSTOMER;C326;0;Holleben/Teuschenthal;11.81683;51.45225;60;1;1440
CUSTOMER;C328;0;Böhlen;12.35490;51.19116;60;1;1440
CUSTOMER;C329;0;Wiedemar;12.21065;51.47206;60;1;1440
CUSTOMER;C33;0;Zeulenroda;11.99298;50.65038;60;0;1440
CUSTOMER;C330;0;Hohlstedt;11.47872;50.95886;60;1;1440
CUSTOMER;C332;0;Zwickau Mosel;12.48252;50.78837;60;1;1440
CUSTOMER;C333;0;Blankenhain;11.33923;50.85947;60;1;1440
CUSTOMER;C334;0;Mosel;12.48269;50.79434;60;1;1440
CUSTOMER;C337;0;Profen;12.21497;51.12912;60;1;1440
CUSTOMER;C338;0;Zschopau;13.06523;50.73967;60;1;1440
CUSTOMER;C339;0;Steinberg;12.50672;50.54463;60;1;1380
CUSTOMER;C34;0;RACKWITZ;12.38752;51.43603;60;0;1380
CUSTOMER;C341;0;Halle;11.95623;51.52760;60;1;1380
CUSTOMER;C342;0;Ilmenau;10.91491;50.68865;60;1;1380
CUSTOMER;C350;0;Bennewitz OT Pausitz;12.73585;51.32471;60;1;1380
CUSTOMER;C351;0;Bernsbach;12.76766;50.58337;60;1;1380
CUSTOMER;C352;0;Seeland;11.33157;51.80471;60;1;1380
CUSTOMER;C354;0;Calbe;11.75604;51.89890;60;1;1380
CUSTOMER;C358;0;Chemnitz;12.85111;50.80101;60;1;1380
CUSTOMER;C359;0;Schkopau;11.97019;51.39589;60;1;1380
CUSTOMER;C360;0;CHEMNITZ;12.86054;50.81779;60;1;1380
CUSTOMER;C363;0;Lengenfeld;12.36970;50.57344;60;1;1380
CUSTOMER;C367;0;Schkölen;11.82418;51.04503;60;1;1380
CUSTOMER;C368;0;Leipzig;12.37520;51.33288;60;1;1380
CUSTOMER;C373;0;Zwickau;12.47424;50.72079;60;1;1380
CUSTOMER;C376;0;Jena;11.60826;50.94567;60;1;1380
CUSTOMER;C379;0;Zwönitz;12.79610;50.63629;60;1;1380
CUSTOMER;C38;0;Altenzaun;12.01406;52.72495;60;0;1380
CUSTOMER;C380;0;Schwarzenberg;12.78417;50.54394;60;1;1380
CUSTOMER;C385;0;Mittweida;12.95296;50.98996;60;1;1380
CUSTOMER;C387;0;Ichtershausen-Thörey;10.92793;50.88273;60;1;1380
CUSTOMER;C39;0;Stadtilm;11.08254;50.77831;60;0;1380
CUSTOMER;C391;0;Bad Köstritz;12.01461;50.93041;60;1;1380
CUSTOMER;C392;0;Hainichen;13.11654;50.96941;60;1;1380
CUSTOMER;C393;0;Jena;11.59660;50.88411;60;1;1380
CUSTOMER;C396;0;Altenburg;12.43413;51.00824;60;1;1380
CUSTOMER;C398;0;Bad Liebenwerden;13.36568;51.44206;60;1;1380
CUSTOMER;C40;0;Berga;11.01903;51.45470;60;0;1380
CUSTOMER;C405;0;engelsdorf;12.45836;51.34060;60;1;1380
CUSTOMER;C406;0;Teutschenthal;11.81903;51.45567;60;1;1380
CUSTOMER;C407;0;Bernsbach;12.75597;50.58639;60;1;1380
CUSTOMER;C409;0;Leipzig;12.43237;51.35659;60;1;1380
CUSTOMER;C410;0;Riesa;13.27905;51.28093;60;1;1380
CUSTOMER;C411;0;Jessen;12.83635;51.76100;60;1;1380
CUSTOMER;C413;0;Halle;11.98303;51.49715;60;1;1380
CUSTOMER;C42;0;Lieberose;14.29811;51.98075;60;0;1380
CUSTOMER;C421;0;Delitzsch;12.29741;51.50941;60;1;1380
CUSTOMER;C422;0;Freiberg;13.35242;50.90009;60;1;1380
CUSTOMER;C424;0;Zwenkau;12.33428;51.21030;60;1;1380
CUSTOMER;C425;0;Lengenfeld;12.37230;50.57420;60;1;1380
CUSTOMER;C426;0;MUEHLAU;12.77812;50.89870;60;1;1380
CUSTOMER;C429;0;Dessau-Roßlau;12.21649;51.90614;60;1;1380
CUSTOMER;C431;0;Könnern;11.78854;51.66220;60;1;1380
CUSTOMER;C432;0;Oschatz;13.09708;51.31782;60;1;1380
CUSTOMER;C433;0;Erfurt;10.99787;51.00917;60;1;1380
CUSTOMER;C435;0;Schkeuditz;12.20370;51.35296;60;1;1380
CUSTOMER;C437;0;Ilmenau;10.93588;50.69452;60;1;1380
CUSTOMER;C440;0;Pratau;12.63294;51.83799;60;1;1380
CUSTOMER;C441;0;GREIZ;12.21777;50.64568;60;1;1380
CUSTOMER;C442;0;Leipzig   OT Lieberwolkwitz;12.47649;51.28621;60;1;1380
CUSTOMER;C444;0;Schkopau;11.96615;51.39665;60;1;1380
CUSTOMER;C446;0;Bitterfeld;12.30496;51.62413;60;1;1380
CUSTOMER;C449;0;Leipzig;12.31474;51.37936;60;1;1380
CUSTOMER;C45;0;Köthen;11.99118;51.74949;60;0;1380
CUSTOMER;C451;0;GATERSLEBEN;11.28209;51.82639;60;1;1380
CUSTOMER;C455;0;Zwickau;12.50108;50.72529;60;1;1380
CUSTOMER;C456;0;Schmölln;12.38745;50.88885;60;1;1380
CUSTOMER;C457;0;Machern OT Gerichshain;12.56730;51.35649;60;1;1380
CUSTOMER;C459;0;Bitterfeld;12.30040;51.63061;60;1;1380
CUSTOMER;C462;0;Chemnitz;12.94821;50.83908;60;1;1380
CUSTOMER;C464;0;Crottendorf;12.91968;50.51135;60;1;1380
CUSTOMER;C465;0;Eilenburg;12.63502;51.45336;60;1;1380
CUSTOMER;C467;0;THALHEIM;12.21718;51.64175;60;1;1380
CUSTOMER;C47;0;Erfurt;11.03278;51.00414;60;0;1380
CUSTOMER;C471;0;Stollberg;12.75981;50.71010;60;1;1380
CUSTOMER;C472;0;Böhlen;12.37994;51.19312;60;1;1380
CUSTOMER;C473;0;Leipzig;12.30706;51.31596;60;1;1380
CUSTOMER;C476;0;Weimar;11.33756;50.99380;60;1;1380
CUSTOMER;C478;0;SCHEIBENBERG;12.91232;50.54870;60;1;1380
CUSTOMER;C479;0;RONNEBURG;12.18353;50.86365;60;1;1380
CUSTOMER;C48;0;;13.69218;51.09741;60;0;1380
CUSTOMER;C480;0;Schmölln;12.34940;50.87438;60;1;1380
CUSTOMER;C481;0;Frankleben;11.93305;51.31131;60;1;1380
CUSTOMER;C482;0;Leipzig;12.45317;51.36419;60;1;1380
CUSTOMER;C483;0;Knauthain;12.31346;51.27217;60;1;1380
CUSTOMER;C484;0;Chemnitz;12.95473;50.82478;60;1;1380
CUSTOMER;C486;0;Zeitz;12.11315;51.05159;60;1;1380
CUSTOMER;C488;0;Neuensalz;12.21567;50.50407;60;1;1380
CUSTOMER;C489;0;Ilmenau;10.94272;50.69783;60;1;1380
CUSTOMER;C490;0;Halle (Saale);11.98878;51.43191;60;1;1380
CUSTOMER;C492;0;Grimma;12.71537;51.22533;60;1;1380
CUSTOMER;C493;0;Gera;12.08167;50.84229;60;1;1380
CUSTOMER;C495;0;Zschopau;13.06883;50.76049;60;1;1380
CUSTOMER;C498;0;Leuna;12.01072;51.32280;60;1;1380
CUSTOMER;C499;0;Zwickau;12.50443;50.73372;60;1;1380
CUSTOMER;C50;0;Zwickau;12.46352;50.70845;60;0;1380
CUSTOMER;C500;0;Lunzenau;12.78788;50.95140;60;1;1380
CUSTOMER;C501;0;Oelsnitz;12.19166;50.43469;60;1;1380
CUSTOMER;C503;0;Deuben;12.08214;51.11392;60;1;1320
CUSTOMER;C505;0;Chemnitz;12.90416;50.80373;60;1;1320
CUSTOMER;C506;0;Markneukirchen;12.33615;50.31930;60;1;1320
CUSTOMER;C507;0;GERA;12.07476;50.85501;60;1;1320
CUSTOMER;C51;0;ZWICKAU;12.53751;50.72050;60;1;1320
CUSTOMER;C511;0;Hohenstein-Ernstthal;12.71076;50.79596;60;1;1320
CUSTOMER;C513;0;Limbach-Oberfrohna;12.78791;50.84820;60;1;1320
CUSTOMER;C514;0;Chemnitz;12.90455;50.80981;60;1;1320
CUSTOMER;C516;0;Freiberg;13.32709;50.92952;60;1;1320
CUSTOMER;C517;0;Weimar;11.28915;50.93741;60;1;1320
CUSTOMER;C518;0;Olbernhau;13.34094;50.66129;60;1;1320
CUSTOMER;C519;0;Sangerhausen;11.31014;51.47299;60;1;1320
CUSTOMER;C520;0;Schkeuditz;12.23201;51.39288;60;1;1320
CUSTOMER;C521;0;Steinitz;11.11591;52.82670;60;1;1320
CUSTOMER;C523;0;Zwickau;12.51099;50.73841;60;1;1320
CUSTOMER;C526;0;Hadmersleben;11.31490;51.99538;60;1;1320
CUSTOMER;C527;0;Barleben;11.60165;52.18424;60;1;1320
CUSTOMER;C529;0;Kroppenstedt;11.30114;51.95223;60;1;1320
CUSTOMER;C53;0;Schlettau;12.94653;50.58118;60;1;1320
CUSTOMER;C530;0;Jena;11.58157;50.93396;60;1;1260
CUSTOMER;C534;0;Groitzsch;12.32998;51.10454;60;1;1260
CUSTOMER;C54;0;Volkstedt;11.55817;51.56284;60;1;1260
CUSTOMER;C540;0;GERABERG;10.82888;50.71148;60;1;1260
CUSTOMER;C541;0;Leipzig;12.38094;51.38373;60;1;1260
CUSTOMER;C544;0;Delitzsch;12.32456;51.53733;60;1;1260
CUSTOMER;C546;0;Niederfrohna;12.74748;50.87528;60;1;1260
CUSTOMER;C547;0;Grünhain-Beierfeld;12.78274;50.55944;60;1;1260
CUSTOMER;C58;0;Chemnitz;12.92020;50.79357;60;1;1260
CUSTOMER;C63;0;Grimma;12.78348;51.27433;60;1;1260
CUSTOMER;C7;0;Jöhstadt;13.08662;50.50232;60;0;1260
CUSTOMER;C70;0;Zwickau;12.48017;50.78625;60;1;1260
CUSTOMER;C71;0;MARKRANSTAEDT;12.22693;51.31007;60;1;1260
CUSTOMER;C72;0;Chemnitz;12.96502;50.84052;60;1;1260
CUSTOMER;C73;0;Fraureuth;12.35440;50.70388;60;1;1260
CUSTOMER;C77;0;WOLFEN;12.25784;51.65229;60;1;1260
CUSTOMER;C8;0;Wilkau-Hasslau;12.51695;50.68674;60;0;1260
CUSTOMER;C83;0;Werdau;12.36883;50.75616;60;1;1260
CUSTOMER;C84;0;Freiberg;13.31875;50.93275;60;1;1260
CUSTOMER;C85;0;Naumburg;11.82427;51.15647;60;1;1260
CUSTOMER;C86;0;Gotha;10.68109;50.92895;60;1;1260
CUSTOMER;C88;0;ZWICKAU;12.47163;50.72151;60;1;1260
CUSTOMER;C9;0;Utzberg;11.19539;50.97175;60;0;1260
CUSTOMER;C91;0;Freiberg;13.34842;50.92740;60;1;1260
CUSTOMER;C93;0;Magdeburg;11.66902;52.15551;60;1;1260
CUSTOMER;C94;0;Meiningen;10.41152;50.58191;60;1;1260
CUSTOMER;C95;0;Lutherstadt Eisleben;11.54116;51.53262;60;1;1260
CUSTOMER;C98;0;Lössnitz;12.72685;50.61381;60;1;1260
CUSTOMER;C99;0;Merseburg;11.97190;51.35713;60;1;1260
CUSTOMER;C123;0;Espenhain;12.48340;51.18365;50;1;1260
CUSTOMER;C225;0;Schwarzenberg;12.78842;50.52074;50;1;1260
CUSTOMER;C364;0;RIESA;13.28201;51.31411;50;1;1260
CUSTOMER;C182;0;Böhlen;12.38751;51.20230;45;1;1260
CUSTOMER;C268;0;Leipzig;12.39736;51.32377;40;1;1260
CUSTOMER;C283;0;Schkopau;11.96685;51.39811;40;1;1260
CUSTOMER;C461;0;Leipzig;12.38862;51.32782;40;1;1260
CUSTOMER;C10;0;Leuna;12.01897;51.32919;35;0;1260
CUSTOMER;C343;0;Gräfenhainichen;12.44655;51.72917;35;1;1260
CUSTOMER;C383;0;Böhlen;12.38133;51.18360;30;1;1260
CUSTOMER;C497;0;Chemnitz;12.89377;50.85499;30;1;1260
CUSTOMER;C508;0;Zwickau;12.46801;50.70638;25;1;1260
CUSTOMER;C545;0;Bitterfeld-Wolfen;12.29439;51.64993;25;1;1260
CUSTOMER;C61;0;Schkopau;11.96865;51.40039;25;1;1260
CUSTOMER;C173;0;Greppin;12.29630;51.63998;20;1;1260
CUSTOMER;C310;0;Lichtenau;13.00650;50.90667;20;1;1260
CUSTOMER;C335;0;Leipzig;12.39262;51.33064;20;1;1260
CUSTOMER;C347;0;Leipzig;12.39073;51.33096;20;1;1260
CUSTOMER;C415;0;Leipzig;12.38773;51.33148;20;1;1260
CUSTOMER;C460;0;Riesa;13.28212;51.30632;20;1;1260
CUSTOMER;C116;0;Leipzig;12.38315;51.33177;15;1;1260
CUSTOMER;C125;0;HEINRICHSORT;12.63855;50.72807;15;1;1260
CUSTOMER;C312;0;Halle;11.99706;51.46330;15;1;1200
CUSTOMER;C384;0;Leipzig;12.39270;51.33074;15;1;1200
CUSTOMER;C131;0;Leipzig;12.38264;51.33036;10;1;1200
CUSTOMER;C151;0;Freiberg;13.36119;50.92424;10;1;1200
CUSTOMER;C158;0;CHEMNITZ;12.91472;50.79585;10;1;1200
CUSTOMER;C172;0;Chemnitz;12.91954;50.84573;10;1;1200
CUSTOMER;C239;0;Erfurt;11.04138;50.95504;10;1;1200
CUSTOMER;C260;0;Chemnitz;12.84177;50.81072;10;1;1200
CUSTOMER;C266;0;Göppersdorf;12.82231;50.99615;10;1;1200
CUSTOMER;C267;0;Leipzig;12.38858;51.33255;10;1;1200
CUSTOMER;C269;0;HALLE;12.00561;51.48364;10;1;1200
CUSTOMER;C287;0;Stützerbach;10.85758;50.63315;10;1;1200
CUSTOMER;C32;0;Lützen;12.14982;51.26221;10;0;1200
CUSTOMER;C327;0;Reurieth;10.65747;50.45152;10;1;1200
CUSTOMER;C346;0;Halle;11.99092;51.47798;10;1;1200
CUSTOMER;C36;0;Mühlhausen;10.47261;51.19631;10;0;1200
CUSTOMER;C436;0;Erfurt;11.08646;50.95049;10;1;1200
CUSTOMER;C44;0;Halle;11.93331;51.49856;10;0;1200
CUSTOMER;C452;0;Leipzig;12.43407;51.35538;10;1;1200
CUSTOMER;C468;0;Reinsdorf;12.55673;50.69171;10;1;1200
CUSTOMER;C475;0;Sonneberg;11.17123;50.36001;10;1;1200
CUSTOMER;C510;0;Schkopau;12.10542;51.39381;10;1;1200
CUSTOMER;C52;0;Geschwenda;10.82686;50.72201;10;1;1200
CUSTOMER;C538;0;Arnstadt;10.96197;50.83367;10;1;1200
CUSTOMER;C550;0;Leipzig;12.38856;51.32778;10;1;1200
CUSTOMER;C79;0;Leipzig;12.38600;51.33153;10;1;1200
CUSTOMER;C128;0;Leipzig;12.33437;51.32534;5;1;1200
CUSTOMER;C161;0;Leipzig;12.38233;51.33025;5;1;1200
CUSTOMER;C163;0;Chemnitz;12.90356;50.80446;5;1;1200
CUSTOMER;C262;0;Erfurt;11.08758;50.99625;5;1;1200
CUSTOMER;C284;0;Herzberg/E.;13.23813;51.68793;5;1;1200
CUSTOMER;C286;0;Leipzig;12.39624;51.32088;5;1;1200
CUSTOMER;C370;0;Ilmenau;10.94107;50.68417;5;1;1200
CUSTOMER;C378;0;Plauen;12.10580;50.49267;5;1;1200
CUSTOMER;C41;0;CHEMNITZ;12.93247;50.84847;5;0;1200
CUSTOMER;C412;0;Merseburg;11.96233;51.34212;5;1;1200
CUSTOMER;C450;0;Gera;12.08155;50.85788;5;1;1200
CUSTOMER;C469;0;Zeithain;13.31939;51.36047;5;1;1200
CUSTOMER;C487;0;Schorstedt;11.65158;52.71008;5;1;1200
CUSTOMER;C494;0;Schkopau;11.96376;51.40438;5;1;1200
CUSTOMER;C56;0;Gera;12.05888;50.91103;5;1;1200
CUSTOMER;C65;0;Leipzig;12.32445;51.32885;5;1;1200
CUSTOMER;C81;0;Leipzig;12.38182;51.33172;5;1;1200
